quantile,model,method,trial,loss,hit_rate_in,hit_rate_out,dq_in,dq_out,binom_in,binom_out,traffic_in,traffic_out,kupiec_in,kupiec_out,independent_in,independent_out
0.05,adaptive,RQ,0,0.128173637,0.048515376,0.04495614,0.618005636,0.998807455,0.708728736,0.360764785,green,green,1,1,0.507619192,0.960971215
0.05,adaptive,RQ,1,0.128173637,0.048515376,0.04495614,0.617992193,0.998807459,0.708728736,0.360764785,green,green,1,1,0.507619192,0.960971215
0.05,adaptive,RQ,2,0.128173637,0.048515376,0.04495614,0.618004623,0.998807456,0.708728736,0.360764785,green,green,1,1,0.507619192,0.960971215
0.05,adaptive,RQ,3,0.128173637,0.048515376,0.04495614,0.618005492,0.998807455,0.708728736,0.360764785,green,green,1,1,0.507619192,0.960971215
0.05,adaptive,RQ,4,0.128173637,0.048515376,0.04495614,0.618005654,0.998807455,0.708728736,0.360764785,green,green,1,1,0.507619192,0.960971215
0.05,adaptive,RQ,5,0.128173637,0.048515376,0.04495614,0.618005351,0.998807455,0.708728736,0.360764785,green,green,1,1,0.507619192,0.960971215
0.05,adaptive,RQ,6,0.128173637,0.048515376,0.04495614,0.618009761,0.998807454,0.708728736,0.360764785,green,green,1,1,0.507619192,0.960971215
0.05,adaptive,RQ,7,0.128173637,0.048515376,0.04495614,0.61800881,0.998807455,0.708728736,0.360764785,green,green,1,1,0.507619192,0.960971215
0.05,adaptive,RQ,8,0.128173637,0.048515376,0.04495614,0.618006404,0.998807455,0.708728736,0.360764785,green,green,1,1,0.507619192,0.960971215
0.05,adaptive,RQ,9,0.128173637,0.048515376,0.04495614,0.618005727,0.998807455,0.708728736,0.360764785,green,green,1,1,0.507619192,0.960971215
0.05,adaptive,RQ,10,0.128173637,0.048515376,0.04495614,0.618009747,0.998807454,0.708728736,0.360764785,green,green,1,1,0.507619192,0.960971215
0.05,adaptive,RQ,11,0.128173637,0.048515376,0.04495614,0.617997445,0.998807457,0.708728736,0.360764785,green,green,1,1,0.507619192,0.960971215
0.05,adaptive,RQ,12,0.128173637,0.048515376,0.04495614,0.618007023,0.998807455,0.708728736,0.360764785,green,green,1,1,0.507619192,0.960971215
0.05,adaptive,RQ,13,0.128173637,0.048515376,0.04495614,0.618014824,0.998807453,0.708728736,0.360764785,green,green,1,1,0.507619192,0.960971215
0.05,adaptive,RQ,14,0.128173637,0.048515376,0.04495614,0.61800672,0.998807455,0.708728736,0.360764785,green,green,1,1,0.507619192,0.960971215
0.05,adaptive,RQ,15,0.128173637,0.048515376,0.04495614,0.618006573,0.998807455,0.708728736,0.360764785,green,green,1,1,0.507619192,0.960971215
0.05,adaptive,RQ,16,0.128173637,0.048515376,0.04495614,0.618009333,0.998807455,0.708728736,0.360764785,green,green,1,1,0.507619192,0.960971215
0.05,adaptive,RQ,17,0.128173637,0.048515376,0.04495614,0.618005552,0.998807455,0.708728736,0.360764785,green,green,1,1,0.507619192,0.960971215
0.05,adaptive,RQ,18,0.128173637,0.048515376,0.04495614,0.617998966,0.998807457,0.708728736,0.360764785,green,green,1,1,0.507619192,0.960971215
0.05,adaptive,RQ,19,0.128173637,0.048515376,0.04495614,0.618019011,0.998807452,0.708728736,0.360764785,green,green,1,1,0.507619192,0.960971215
0.05,adaptive,RQ,20,0.128173637,0.048515376,0.04495614,0.618014757,0.998807453,0.708728736,0.360764785,green,green,1,1,0.507619192,0.960971215
0.05,adaptive,RQ,21,0.128173637,0.048515376,0.04495614,0.61800587,0.998807455,0.708728736,0.360764785,green,green,1,1,0.507619192,0.960971215
0.05,adaptive,RQ,22,0.128173637,0.048515376,0.04495614,0.618009015,0.998807455,0.708728736,0.360764785,green,green,1,1,0.507619192,0.960971215
0.05,adaptive,RQ,23,0.128173637,0.048515376,0.04495614,0.618005692,0.998807455,0.708728736,0.360764785,green,green,1,1,0.507619192,0.960971215
0.05,adaptive,RQ,24,0.128173637,0.048515376,0.04495614,0.618014765,0.998807453,0.708728736,0.360764785,green,green,1,1,0.507619192,0.960971215
0.05,adaptive,RQ,25,0.128173637,0.048515376,0.04495614,0.618004399,0.998807456,0.708728736,0.360764785,green,green,1,1,0.507619192,0.960971215
0.05,adaptive,RQ,26,0.128173637,0.048515376,0.04495614,0.618008577,0.998807455,0.708728736,0.360764785,green,green,1,1,0.507619192,0.960971215
0.05,adaptive,RQ,27,0.128173637,0.048515376,0.04495614,0.618004758,0.998807456,0.708728736,0.360764785,green,green,1,1,0.507619192,0.960971215
0.05,adaptive,RQ,28,0.128173637,0.048515376,0.04495614,0.618005635,0.998807455,0.708728736,0.360764785,green,green,1,1,0.507619192,0.960971215
0.05,adaptive,RQ,29,0.128173637,0.048515376,0.04495614,0.618005584,0.998807455,0.708728736,0.360764785,green,green,1,1,0.507619192,0.960971215
0.05,symmetric,RQ,0,0.126726934,0.050106045,0.039473684,0.494429703,0.992099548,0.970194032,0.040946129,green,green,,1,,0.77456405
0.05,symmetric,RQ,1,0.126726935,0.050106045,0.039473684,0.494432193,0.992099493,0.970194032,0.040946129,green,green,,1,,0.77456405
0.05,symmetric,RQ,2,0.126726934,0.050106045,0.039473684,0.494431929,0.992099499,0.970194032,0.040946129,green,green,,1,,0.77456405
0.05,symmetric,RQ,3,0.126726933,0.050106045,0.039473684,0.415436833,0.992099518,0.970194032,0.040946129,green,green,,1,,0.77456405
0.05,symmetric,RQ,4,0.126726933,0.050106045,0.039473684,0.415438465,0.992099465,0.970194032,0.040946129,green,green,,1,,0.77456405
0.05,symmetric,RQ,5,0.126726936,0.050371156,0.039473684,0.477926499,0.992099488,0.910748281,0.040946129,green,green,,1,,0.77456405
0.05,symmetric,RQ,6,0.126726933,0.050106045,0.039473684,0.415436425,0.992099532,0.970194032,0.040946129,green,green,,1,,0.77456405
0.05,symmetric,RQ,7,0.126726936,0.050106045,0.039473684,0.415439486,0.992099432,0.970194032,0.040946129,green,green,,1,,0.77456405
0.05,symmetric,RQ,8,0.126726938,0.050106045,0.039473684,0.415435817,0.992099552,0.970194032,0.040946129,green,green,,1,,0.77456405
0.05,symmetric,RQ,9,0.126726933,0.050106045,0.039473684,0.41543743,0.992099499,0.970194032,0.040946129,green,green,,1,,0.77456405
0.05,symmetric,RQ,10,0.126726935,0.050106045,0.039473684,0.415436184,0.992099539,0.970194032,0.040946129,green,green,,1,,0.77456405
0.05,symmetric,RQ,11,0.126726946,0.050371156,0.039473684,0.485027395,0.992099089,0.910748281,0.040946129,green,green,,1,,0.77456405
0.05,symmetric,RQ,12,0.126726963,0.050106045,0.039473684,0.419521479,0.992098702,0.970194032,0.040946129,green,green,,1,,0.77456405
0.05,symmetric,RQ,13,0.126726937,0.050106045,0.039473684,0.494427198,0.992099603,0.970194032,0.040946129,green,green,,1,,0.77456405
0.05,symmetric,RQ,14,0.126726934,0.050106045,0.039473684,0.415436643,0.992099524,0.970194032,0.040946129,green,green,,1,,0.77456405
0.05,symmetric,RQ,15,0.126726933,0.050106045,0.039473684,0.415436688,0.992099523,0.970194032,0.040946129,green,green,,1,,0.77456405
0.05,symmetric,RQ,16,0.126726933,0.050106045,0.039473684,0.415437602,0.992099493,0.970194032,0.040946129,green,green,,1,,0.77456405
0.05,symmetric,RQ,17,0.126726935,0.050106045,0.039473684,0.415434662,0.992099589,0.970194032,0.040946129,green,green,,1,,0.77456405
0.05,symmetric,RQ,18,0.126726938,0.050106045,0.039473684,0.415438594,0.992099461,0.970194032,0.040946129,green,green,,1,,0.77456405
0.05,symmetric,RQ,19,0.126726935,0.050106045,0.039473684,0.494432358,0.99209949,0.970194032,0.040946129,green,green,,1,,0.77456405
0.05,symmetric,RQ,20,0.126726933,0.050106045,0.039473684,0.415437123,0.992099509,0.970194032,0.040946129,green,green,,1,,0.77456405
0.05,symmetric,RQ,21,0.126726949,0.050106045,0.039473684,0.419511962,0.992099047,0.970194032,0.040946129,green,green,,1,,0.77456405
0.05,symmetric,RQ,22,0.126726934,0.050106045,0.039473684,0.415440198,0.992099408,0.970194032,0.040946129,green,green,,1,,0.77456405
0.05,symmetric,RQ,23,0.12672695,0.050106045,0.039473684,0.419507036,0.992099225,0.970194032,0.040946129,green,green,,1,,0.77456405
0.05,symmetric,RQ,24,0.126726937,0.050106045,0.039473684,0.415442017,0.992099349,0.970194032,0.040946129,green,green,,1,,0.77456405
0.05,symmetric,RQ,25,0.126726939,0.050106045,0.039473684,0.415437003,0.992099513,0.970194032,0.040946129,green,green,,1,,0.77456405
0.05,symmetric,RQ,26,0.126726943,0.050106045,0.039473684,0.419508402,0.992099177,0.970194032,0.040946129,green,green,,1,,0.77456405
0.05,symmetric,RQ,27,0.126726933,0.050106045,0.039473684,0.41543854,0.992099462,0.970194032,0.040946129,green,green,,1,,0.77456405
0.05,symmetric,RQ,28,0.12672694,0.050106045,0.039473684,0.419505731,0.992099274,0.970194032,0.040946129,green,green,,1,,0.77456405
0.05,symmetric,RQ,29,0.126726955,0.050106045,0.039473684,0.494432294,0.992099493,0.970194032,0.040946129,green,green,,1,,0.77456405
0.05,asymmetric,RQ,0,0.124139089,0.050106045,0.036732456,0.292471694,0.999114174,0.970194032,0.008372426,green,green,,1,,0.652149313
0.05,asymmetric,RQ,1,0.124139114,0.050371156,0.036732456,0.282412357,0.999114172,0.910748281,0.008372426,green,green,,1,,0.652149313
0.05,asymmetric,RQ,2,0.124139083,0.050106045,0.036732456,0.292567433,0.999114143,0.970194032,0.008372426,green,green,,1,,0.652149313
0.05,asymmetric,RQ,3,0.124139171,0.050371156,0.036732456,0.282466999,0.99911416,0.910748281,0.008372426,green,green,,1,,0.652149313
0.05,asymmetric,RQ,4,0.124139139,0.050106045,0.036732456,0.29244816,0.999114186,0.970194032,0.008372426,green,green,,1,,0.652149313
0.05,asymmetric,RQ,5,0.124139088,0.050371156,0.036732456,0.282422249,0.999114168,0.910748281,0.008372426,green,green,,1,,0.652149313
0.05,asymmetric,RQ,6,0.124139096,0.050106045,0.036732456,0.280643544,0.99911414,0.970194032,0.008372426,green,green,,1,,0.652149313
0.05,asymmetric,RQ,7,0.124139097,0.050371156,0.036732456,0.282403087,0.999114172,0.910748281,0.008372426,green,green,,1,,0.652149313
0.05,asymmetric,RQ,8,0.124139195,0.050371156,0.036732456,0.28227704,0.999114209,0.910748281,0.008372426,green,green,,1,,0.652149313
0.05,asymmetric,RQ,9,0.12413907,0.050106045,0.036732456,0.302783711,0.999114148,0.970194032,0.008372426,green,green,,1,,0.652149313
0.05,asymmetric,RQ,10,0.124139067,0.050106045,0.036732456,0.292499154,0.999114169,0.970194032,0.008372426,green,green,,1,,0.652149313
0.05,asymmetric,RQ,11,0.124139071,0.050106045,0.036732456,0.280613584,0.999114156,0.970194032,0.008372426,green,green,,1,,0.652149313
0.05,asymmetric,RQ,12,0.124139088,0.050106045,0.036732456,0.292467555,0.999114174,0.970194032,0.008372426,green,green,,1,,0.652149313
0.05,asymmetric,RQ,13,0.124139157,0.050106045,0.036732456,0.292412812,0.999114191,0.970194032,0.008372426,green,green,,1,,0.652149313
0.05,asymmetric,RQ,14,0.124139086,0.050371156,0.036732456,0.282421278,0.999114168,0.910748281,0.008372426,green,green,,1,,0.652149313
0.05,asymmetric,RQ,15,0.124139165,0.050371156,0.036732456,0.282378155,0.999114183,0.910748281,0.008372426,green,green,,1,,0.652149313
0.05,asymmetric,RQ,16,0.124139084,0.050106045,0.036732456,0.287087312,0.999114157,0.970194032,0.008372426,green,green,,1,,0.652149313
0.05,asymmetric,RQ,17,0.124139086,0.050106045,0.036732456,0.28064233,0.999114136,0.970194032,0.008372426,green,green,,1,,0.652149313
0.05,asymmetric,RQ,18,0.124139076,0.050371156,0.036732456,0.282437735,0.999114164,0.910748281,0.008372426,green,green,,1,,0.652149313
0.05,asymmetric,RQ,19,0.124139053,0.050106045,0.036732456,0.280605788,0.999114159,0.970194032,0.008372426,green,green,,1,,0.652149313
0.05,asymmetric,RQ,20,0.124139072,0.050106045,0.036732456,0.280607223,0.999114159,0.970194032,0.008372426,green,green,,1,,0.652149313
0.05,asymmetric,RQ,21,0.124139105,0.050106045,0.036732456,0.292439901,0.99911418,0.970194032,0.008372426,green,green,,1,,0.652149313
0.05,asymmetric,RQ,22,0.124139118,0.050371156,0.036732456,0.282375888,0.999114181,0.910748281,0.008372426,green,green,,1,,0.652149313
0.05,asymmetric,RQ,23,0.124139054,0.050106045,0.036732456,0.292538807,0.999114159,0.970194032,0.008372426,green,green,,1,,0.652149313
0.05,asymmetric,RQ,24,0.124139054,0.050106045,0.036732456,0.280605982,0.999114159,0.970194032,0.008372426,green,green,,1,,0.652149313
0.05,asymmetric,RQ,25,0.124139273,0.050371156,0.036732456,0.282314957,0.999114199,0.910748281,0.008372426,green,green,,1,,0.652149313
0.05,asymmetric,RQ,26,0.124139088,0.050106045,0.036732456,0.280605121,0.999114159,0.970194032,0.008372426,green,green,,1,,0.652149313
0.05,asymmetric,RQ,27,0.124139064,0.050106045,0.036732456,0.292561634,0.999114149,0.970194032,0.008372426,green,green,,1,,0.652149313
0.05,asymmetric,RQ,28,0.12413906,0.050371156,0.036732456,0.282441884,0.999114162,0.910748281,0.008372426,green,green,,1,,0.652149313
0.05,asymmetric,RQ,29,0.124139054,0.050106045,0.036732456,0.292533392,0.999114162,0.970194032,0.008372426,green,green,,1,,0.652149313
0.05,igarch,RQ,0,0.126249348,0.050106045,0.040570175,0.872290423,0.997500295,0.970194032,0.067528408,green,green,,1,,0.962333106
0.05,igarch,RQ,1,0.12624933,0.050371156,0.040570175,0.881574181,0.997500239,0.910748281,0.067528408,green,green,,1,,0.962333106
0.05,igarch,RQ,2,0.126249343,0.050106045,0.040570175,0.875770261,0.997500256,0.970194032,0.067528408,green,green,,1,,0.962333106
0.05,igarch,RQ,3,0.126249369,0.050371156,0.040570175,0.838709733,0.997500308,0.910748281,0.067528408,green,green,,1,,0.962333106
0.05,igarch,RQ,4,0.12624934,0.050106045,0.040570175,0.746751922,0.997500226,0.970194032,0.067528408,green,green,,1,,0.962333106
0.05,igarch,RQ,5,0.126249362,0.050106045,0.040570175,0.742620623,0.997500264,0.970194032,0.067528408,green,green,,1,,0.962333106
0.05,igarch,RQ,6,0.126249345,0.050371156,0.040570175,0.757547093,0.997500221,0.910748281,0.067528408,green,green,,1,,0.962333106
0.05,igarch,RQ,7,0.126249334,0.050106045,0.040570175,0.746749188,0.99750026,0.970194032,0.067528408,green,green,,1,,0.962333106
0.05,igarch,RQ,8,0.126249329,0.050106045,0.040570175,0.746751346,0.99750024,0.970194032,0.067528408,green,green,,1,,0.962333106
0.05,igarch,RQ,9,0.126249355,0.050371156,0.040570175,0.835288217,0.997500329,0.910748281,0.067528408,green,green,,1,,0.962333106
0.05,igarch,RQ,10,0.126249375,0.050371156,0.040570175,0.835287011,0.997500398,0.910748281,0.067528408,green,green,,1,,0.962333106
0.05,igarch,RQ,11,0.126249334,0.050106045,0.040570175,0.746749064,0.997500261,0.970194032,0.067528408,green,green,,1,,0.962333106
0.05,igarch,RQ,12,0.126249358,0.050106045,0.040570175,0.87577153,0.997500266,0.970194032,0.067528408,green,green,,1,,0.962333106
0.05,igarch,RQ,13,0.126249453,0.050106045,0.040570175,0.752323106,0.997500137,0.970194032,0.067528408,green,green,,1,,0.962333106
0.05,igarch,RQ,14,0.12624933,0.050106045,0.040570175,0.746751981,0.997500233,0.970194032,0.067528408,green,green,,1,,0.962333106
0.05,igarch,RQ,15,0.126249352,0.050106045,0.040570175,0.875769975,0.997500268,0.970194032,0.067528408,green,green,,1,,0.962333106
0.05,igarch,RQ,16,0.12624934,0.050106045,0.040570175,0.875769268,0.997500258,0.970194032,0.067528408,green,green,,1,,0.962333106
0.05,igarch,RQ,17,0.126249352,0.050371156,0.040570175,0.838927671,0.997500262,0.910748281,0.067528408,green,green,,1,,0.962333106
0.05,igarch,RQ,18,0.12624935,0.050106045,0.040570175,0.875768285,0.997500275,0.970194032,0.067528408,green,green,,1,,0.962333106
0.05,igarch,RQ,19,0.126249344,0.050106045,0.040570175,0.74675176,0.997500224,0.970194032,0.067528408,green,green,,1,,0.962333106
0.05,igarch,RQ,20,0.126249337,0.050106045,0.040570175,0.746751248,0.997500235,0.970194032,0.067528408,green,green,,1,,0.962333106
0.05,igarch,RQ,21,0.126249368,0.050371156,0.040570175,0.840456996,0.99750028,0.910748281,0.067528408,green,green,,1,,0.962333106
0.05,igarch,RQ,22,0.126249349,0.050106045,0.040570175,0.872291877,0.997500289,0.970194032,0.067528408,green,green,,1,,0.962333106
0.05,igarch,RQ,23,0.126249327,0.050106045,0.040570175,0.746751535,0.997500239,0.970194032,0.067528408,green,green,,1,,0.962333106
0.05,igarch,RQ,24,0.12624934,0.050371156,0.040570175,0.881574551,0.997500245,0.910748281,0.067528408,green,green,,1,,0.962333106
0.05,igarch,RQ,25,0.126249369,0.050371156,0.040570175,0.835291782,0.997500319,0.910748281,0.067528408,green,green,,1,,0.962333106
0.05,igarch,RQ,26,0.126249357,0.050371156,0.040570175,0.835287754,0.997500341,0.910748281,0.067528408,green,green,,1,,0.962333106
0.05,igarch,RQ,27,0.126249385,0.050106045,0.040570175,0.742616615,0.997500297,0.970194032,0.067528408,green,green,,1,,0.962333106
0.05,igarch,RQ,28,0.126249333,0.050371156,0.040570175,0.757547581,0.997500233,0.910748281,0.067528408,green,green,,1,,0.962333106
0.05,igarch,RQ,29,0.126249329,0.050106045,0.040570175,0.875770623,0.997500239,0.970194032,0.067528408,green,green,,1,,0.962333106
0.01,adaptive,RQ,0,0.038643774,0.008748674,0.00877193,0.640640563,0.999995013,0.512009262,0.723307796,green,green,1,1,0.704196184,0.87081718
0.01,adaptive,RQ,1,0.038573311,0.009013786,0.009320175,0.681370297,0.999988251,0.622959429,0.906088006,green,green,1,1,0.684310228,0.851403823
0.01,adaptive,RQ,2,0.038380849,0.009013786,0.00877193,0.999030459,0.999995015,0.622959429,0.723307796,green,green,1,1,0.684310228,0.87081718
0.01,adaptive,RQ,3,0.039389965,0.008483563,0.00877193,0.229527875,0.999948342,0.412286874,0.723307796,green,green,1,1,0.540760154,0.405483699
0.01,adaptive,RQ,4,0.0383478,0.008748674,0.00877193,0.996384534,0.999995015,0.512009262,0.723307796,green,green,1,1,0.704196184,0.87081718
0.01,adaptive,RQ,5,0.038643774,0.008748674,0.00877193,0.640675903,0.999995013,0.512009262,0.723307796,green,green,1,1,0.704196184,0.87081718
0.01,adaptive,RQ,6,0.038347801,0.008748674,0.00877193,0.996392367,0.999995015,0.512009262,0.723307796,green,green,1,1,0.704196184,0.87081718
0.01,adaptive,RQ,7,0.038501753,0.008483563,0.00877193,0.999500622,0.999995015,0.412286874,0.723307796,green,green,1,1,0.723495492,0.87081718
0.01,adaptive,RQ,8,0.038826423,0.009544008,0.009320175,0.293106279,0.999980192,0.869861259,0.906088006,green,green,1,1,0.595188325,0.851403823
0.01,adaptive,RQ,9,0.038540494,0.008483563,0.00877193,0.999703026,0.999995016,0.412286874,0.723307796,green,green,1,1,0.723495492,0.87081718
0.01,adaptive,RQ,10,0.039477725,0.009013786,0.009320175,0.322448742,0.994412279,0.622959429,0.906088006,green,green,1,1,0.568464235,0.851403823
0.01,adaptive,RQ,11,0.038826958,0.009544008,0.00877193,0.295440065,0.999993,0.869861259,0.723307796,green,green,1,1,0.595188325,0.87081718
0.01,adaptive,RQ,12,0.038674075,0.009013786,0.009320175,0.651150082,0.999988248,0.622959429,0.906088006,green,green,1,1,0.684310228,0.851403823
0.01,adaptive,RQ,13,0.039278341,0.009013786,0.009868421,0.977628059,0.999908876,0.622959429,1,green,green,1,1,0.684310228,0.830560585
0.01,adaptive,RQ,14,0.038343689,0.009013786,0.009320175,0.999521083,0.999988254,0.622959429,0.906088006,green,green,1,1,0.684310228,0.851403823
0.01,adaptive,RQ,15,0.038347799,0.008748674,0.00877193,0.996375558,0.999995015,0.512009262,0.723307796,green,green,1,1,0.704196184,0.87081718
0.01,adaptive,RQ,16,0.03872242,0.008483563,0.00877193,0.999482194,0.999995086,0.412286874,0.723307796,green,green,1,1,0.723495492,0.87081718
0.01,adaptive,RQ,17,0.038682871,0.009278897,0.009320175,0.142059422,0.99998022,0.743131148,0.906088006,green,green,1,1,0.58195024,0.851403823
0.01,adaptive,RQ,18,0.039092334,0.009013786,0.009320175,0.304274073,0.993444896,0.622959429,0.906088006,green,green,1,1,0.568464235,0.851403823
0.01,adaptive,RQ,19,0.038674328,0.009544008,0.00877193,0.651446047,0.999994918,0.869861259,0.723307796,green,green,1,1,0.642851208,0.87081718
0.01,adaptive,RQ,20,0.038959055,0.009544008,0.009320175,0.289894644,0.999986908,0.869861259,0.906088006,green,green,1,1,0.595188325,0.851403823
0.01,adaptive,RQ,21,0.038674328,0.009544008,0.00877193,0.651415154,0.999994918,0.869861259,0.723307796,green,green,1,1,0.642851208,0.87081718
0.01,adaptive,RQ,22,0.038353974,0.008483563,0.00877193,0.728234839,0.999995015,0.412286874,0.723307796,green,green,1,1,0.723495492,0.87081718
0.01,adaptive,RQ,23,0.038643774,0.008748674,0.00877193,0.640743686,0.999995013,0.512009262,0.723307796,green,green,1,1,0.704196184,0.87081718
0.01,adaptive,RQ,24,0.038622704,0.008748674,0.00877193,0.274570827,0.999986126,0.512009262,0.723307796,green,green,1,1,0.554733153,0.87081718
0.01,adaptive,RQ,25,0.038347801,0.008748674,0.00877193,0.996393452,0.999995015,0.512009262,0.723307796,green,green,1,1,0.704196184,0.87081718
0.01,adaptive,RQ,26,0.038641537,0.008748674,0.00877193,0.64235551,0.999995014,0.512009262,0.723307796,green,green,1,1,0.704196184,0.87081718
0.01,adaptive,RQ,27,0.038347801,0.008748674,0.00877193,0.996393452,0.999995015,0.512009262,0.723307796,green,green,1,1,0.704196184,0.87081718
0.01,adaptive,RQ,28,0.038959055,0.009544008,0.009320175,0.289913614,0.999986908,0.869861259,0.906088006,green,green,1,1,0.595188325,0.851403823
0.01,adaptive,RQ,29,0.038380849,0.009013786,0.00877193,0.99903073,0.999995015,0.622959429,0.723307796,green,green,1,1,0.684310228,0.87081718
0.01,symmetric,RQ,0,0.034447997,0.00980912,0.015350877,0.994988336,0.999999927,1,0.03272195,green,green,1,1,0.945617844,0.925987597
0.01,symmetric,RQ,1,0.034447963,0.010074231,0.015350877,0.999954909,0.999999927,0.934696286,0.03272195,green,green,1,1,0.939363862,0.925987597
0.01,symmetric,RQ,2,0.034447706,0.010074231,0.015350877,0.999954883,0.999999927,0.934696286,0.03272195,green,green,1,1,0.939363862,0.925987597
0.01,symmetric,RQ,3,0.034447848,0.010074231,0.015350877,0.993381054,0.999999927,0.934696286,0.03272195,green,green,1,1,0.939363862,0.925987597
0.01,symmetric,RQ,4,0.034447675,0.010074231,0.015350877,0.999954902,0.999999927,0.934696286,0.03272195,green,green,1,1,0.939363862,0.925987597
0.01,symmetric,RQ,5,0.034447681,0.010074231,0.015350877,0.993387657,0.999999927,0.934696286,0.03272195,green,green,1,1,0.939363862,0.925987597
0.01,symmetric,RQ,6,0.034447907,0.00980912,0.015350877,0.994990897,0.999999927,1,0.03272195,green,green,1,1,0.945617844,0.925987597
0.01,symmetric,RQ,7,0.034447979,0.010074231,0.015350877,0.993388896,0.999999927,0.934696286,0.03272195,green,green,1,1,0.939363862,0.925987597
0.01,symmetric,RQ,8,0.034447877,0.010074231,0.015350877,0.999954856,0.999999927,0.934696286,0.03272195,green,green,1,1,0.939363862,0.925987597
0.01,symmetric,RQ,9,0.034447701,0.010074231,0.015350877,0.993388682,0.999999927,0.934696286,0.03272195,green,green,1,1,0.939363862,0.925987597
0.01,symmetric,RQ,10,0.03444799,0.010074231,0.015350877,0.993384092,0.999999927,0.934696286,0.03272195,green,green,1,1,0.939363862,0.925987597
0.01,symmetric,RQ,11,0.034447785,0.010074231,0.015350877,0.999954844,0.999999927,0.934696286,0.03272195,green,green,1,1,0.939363862,0.925987597
0.01,symmetric,RQ,12,0.034448085,0.010074231,0.015350877,0.999954846,0.999999926,0.934696286,0.03272195,green,green,1,1,0.939363862,0.925987597
0.01,symmetric,RQ,13,0.034447998,0.010074231,0.015350877,0.999954872,0.999999927,0.934696286,0.03272195,green,green,1,1,0.939363862,0.925987597
0.01,symmetric,RQ,14,0.034447683,0.00980912,0.015350877,0.994998173,0.999999927,1,0.03272195,green,green,1,1,0.945617844,0.925987597
0.01,symmetric,RQ,15,0.034447789,0.010074231,0.015350877,0.993382572,0.999999927,0.934696286,0.03272195,green,green,1,1,0.939363862,0.925987597
0.01,symmetric,RQ,16,0.034447913,0.010074231,0.015350877,0.993382265,0.999999927,0.934696286,0.03272195,green,green,1,1,0.939363862,0.925987597
0.01,symmetric,RQ,17,0.034447693,0.00980912,0.015350877,0.994998366,0.999999927,1,0.03272195,green,green,1,1,0.945617844,0.925987597
0.01,symmetric,RQ,18,0.034447685,0.010074231,0.015350877,0.999954897,0.999999927,0.934696286,0.03272195,green,green,1,1,0.939363862,0.925987597
0.01,symmetric,RQ,19,0.034448111,0.010074231,0.015350877,0.999954883,0.999999927,0.934696286,0.03272195,green,green,1,1,0.939363862,0.925987597
0.01,symmetric,RQ,20,0.034448012,0.010074231,0.015350877,0.999954947,0.999999927,0.934696286,0.03272195,green,green,1,1,0.939363862,0.925987597
0.01,symmetric,RQ,21,0.034447673,0.010074231,0.015350877,0.993388164,0.999999927,0.934696286,0.03272195,green,green,1,1,0.939363862,0.925987597
0.01,symmetric,RQ,22,0.034448077,0.010074231,0.015350877,0.993384784,0.999999926,0.934696286,0.03272195,green,green,1,1,0.939363862,0.925987597
0.01,symmetric,RQ,23,0.034447777,0.010074231,0.015350877,0.993388084,0.999999927,0.934696286,0.03272195,green,green,1,1,0.939363862,0.925987597
0.01,symmetric,RQ,24,0.034447687,0.010074231,0.015350877,0.999954902,0.999999927,0.934696286,0.03272195,green,green,1,1,0.939363862,0.925987597
0.01,symmetric,RQ,25,0.034447769,0.010074231,0.015350877,0.993386637,0.999999927,0.934696286,0.03272195,green,green,1,1,0.939363862,0.925987597
0.01,symmetric,RQ,26,0.034448292,0.010074231,0.015350877,0.993377204,0.999999926,0.934696286,0.03272195,green,green,1,1,0.939363862,0.925987597
0.01,symmetric,RQ,27,0.034447992,0.010074231,0.015350877,0.99995488,0.999999927,0.934696286,0.03272195,green,green,1,1,0.939363862,0.925987597
0.01,symmetric,RQ,28,0.034448203,0.010074231,0.015350877,0.993383879,0.999999926,0.934696286,0.03272195,green,green,1,1,0.939363862,0.925987597
0.01,symmetric,RQ,29,0.034447749,0.010074231,0.015350877,0.993389334,0.999999927,0.934696286,0.03272195,green,green,1,1,0.939363862,0.925987597
0.01,asymmetric,RQ,0,0.033470497,0.00980912,0.015350877,0.346718986,0.999999376,1,0.03272195,green,green,1,1,0.621317422,0.550412733
0.01,asymmetric,RQ,1,0.0334705,0.010074231,0.015350877,0.355958568,0.999999376,0.934696286,0.03272195,green,green,1,1,0.599275423,0.550412733
0.01,asymmetric,RQ,2,0.033470613,0.010074231,0.015350877,0.350102177,0.999999376,0.934696286,0.03272195,green,green,1,1,0.599275423,0.550412733
0.01,asymmetric,RQ,3,0.033470482,0.010074231,0.015350877,0.355955212,0.999999376,0.934696286,0.03272195,green,green,1,1,0.599275423,0.550412733
0.01,asymmetric,RQ,4,0.033470508,0.010074231,0.015350877,0.350162076,0.999999376,0.934696286,0.03272195,green,green,1,1,0.599275423,0.550412733
0.01,asymmetric,RQ,5,0.033471129,0.010339343,0.015350877,0.268525259,0.999999376,0.805833555,0.03272195,green,green,1,1,0.57674743,0.550412733
0.01,asymmetric,RQ,6,0.033470561,0.010074231,0.015350877,0.35827228,0.999999376,0.934696286,0.03272195,green,green,1,1,0.599275423,0.550412733
0.01,asymmetric,RQ,7,0.033471734,0.00980912,0.015350877,0.340812322,0.999999376,1,0.03272195,green,green,1,1,0.621317422,0.550412733
0.01,asymmetric,RQ,8,0.033470586,0.010074231,0.015350877,0.34896762,0.999999376,0.934696286,0.03272195,green,green,1,1,0.599275423,0.550412733
0.01,asymmetric,RQ,9,0.033474171,0.010074231,0.014254386,0.309359763,0.999993968,0.934696286,0.076079089,green,green,1,1,0.599275423,0.615761668
0.01,asymmetric,RQ,10,0.033470478,0.00980912,0.015350877,0.385081172,0.999999376,1,0.03272195,green,green,1,1,0.621317422,0.550412733
0.01,asymmetric,RQ,11,0.033470504,0.010074231,0.015350877,0.350114629,0.999999376,0.934696286,0.03272195,green,green,1,1,0.599275423,0.550412733
0.01,asymmetric,RQ,12,0.033470464,0.010074231,0.015350877,0.355935831,0.999999376,0.934696286,0.03272195,green,green,1,1,0.599275423,0.550412733
0.01,asymmetric,RQ,13,0.0334705,0.010074231,0.015350877,0.313545046,0.999999376,0.934696286,0.03272195,green,green,1,1,0.599275423,0.550412733
0.01,asymmetric,RQ,14,0.033470494,0.010074231,0.015350877,0.355958739,0.999999376,0.934696286,0.03272195,green,green,1,1,0.599275423,0.550412733
0.01,asymmetric,RQ,15,0.033471853,0.010074231,0.015350877,0.310670902,0.999999376,0.934696286,0.03272195,green,green,1,1,0.599275423,0.550412733
0.01,asymmetric,RQ,16,0.033472695,0.010074231,0.015350877,0.355416304,0.999999376,0.934696286,0.03272195,green,green,1,1,0.599275423,0.550412733
0.01,asymmetric,RQ,17,0.033470495,0.010074231,0.015350877,0.313622007,0.999999376,0.934696286,0.03272195,green,green,1,1,0.599275423,0.550412733
0.01,asymmetric,RQ,18,0.033470473,0.010074231,0.015350877,0.35594451,0.999999376,0.934696286,0.03272195,green,green,1,1,0.599275423,0.550412733
0.01,asymmetric,RQ,19,0.033470457,0.010074231,0.015350877,0.355929318,0.999999376,0.934696286,0.03272195,green,green,1,1,0.599275423,0.550412733
0.01,asymmetric,RQ,20,0.033474844,0.010074231,0.014254386,0.313702374,0.999993939,0.934696286,0.076079089,green,green,1,1,0.599275423,0.615761668
0.01,asymmetric,RQ,21,0.033470525,0.010074231,0.015350877,0.350066353,0.999999376,0.934696286,0.03272195,green,green,1,1,0.599275423,0.550412733
0.01,asymmetric,RQ,22,0.033470455,0.010074231,0.015350877,0.355932059,0.999999376,0.934696286,0.03272195,green,green,1,1,0.599275423,0.550412733
0.01,asymmetric,RQ,23,0.033470679,0.010074231,0.015350877,0.350074114,0.999999376,0.934696286,0.03272195,green,green,1,1,0.599275423,0.550412733
0.01,asymmetric,RQ,24,0.033470506,0.010074231,0.015350877,0.350124743,0.999999376,0.934696286,0.03272195,green,green,1,1,0.599275423,0.550412733
0.01,asymmetric,RQ,25,0.0334705,0.010339343,0.015350877,0.328719172,0.999999376,0.805833555,0.03272195,green,green,1,1,0.57674743,0.550412733
0.01,asymmetric,RQ,26,0.033470503,0.010074231,0.015350877,0.350091941,0.999999376,0.934696286,0.03272195,green,green,1,1,0.599275423,0.550412733
0.01,asymmetric,RQ,27,0.033470478,0.010339343,0.015350877,0.328709406,0.999999376,0.805833555,0.03272195,green,green,1,1,0.57674743,0.550412733
0.01,asymmetric,RQ,28,0.033470525,0.010074231,0.015350877,0.313630762,0.999999376,0.934696286,0.03272195,green,green,1,1,0.599275423,0.550412733
0.01,asymmetric,RQ,29,0.033470478,0.010074231,0.015350877,0.355978458,0.999999376,0.934696286,0.03272195,green,green,1,1,0.599275423,0.550412733
0.01,igarch,RQ,0,0.03421496,0.010339343,0.013157895,0.999999582,0.992330392,0.805833555,0.192983536,green,green,1,1,0.992732008,0.676898299
0.01,igarch,RQ,1,0.034215457,0.010339343,0.013157895,0.999999583,0.992330617,0.805833555,0.192983536,green,green,1,1,0.992732008,0.676898299
0.01,igarch,RQ,2,0.034214908,0.010074231,0.013157895,0.99999977,0.992330295,0.934696286,0.192983536,green,green,1,1,0.993801977,0.676898299
0.01,igarch,RQ,3,0.034215624,0.010339343,0.013157895,0.99999958,0.992329851,0.805833555,0.192983536,green,green,1,1,0.992732008,0.676898299
0.01,igarch,RQ,4,0.034214998,0.010074231,0.012609649,0.999999764,0.993754413,0.934696286,0.239711158,green,green,1,1,0.993801977,0.705731284
0.01,igarch,RQ,5,0.034214601,0.010339343,0.013157895,0.999999586,0.992329775,0.805833555,0.192983536,green,green,1,1,0.992732008,0.676898299
0.01,igarch,RQ,6,0.034215766,0.010074231,0.01370614,0.999999757,0.999996356,0.934696286,0.12389859,green,green,1,1,0.993801977,0.64688881
0.01,igarch,RQ,7,0.03421693,0.010339343,0.012609649,0.999999607,0.993759406,0.805833555,0.239711158,green,green,1,1,0.992732008,0.705731284
0.01,igarch,RQ,8,0.034214502,0.010339343,0.013157895,0.999999585,0.992329891,0.805833555,0.192983536,green,green,1,1,0.992732008,0.676898299
0.01,igarch,RQ,9,0.034215063,0.010339343,0.013157895,0.999999581,0.992330565,0.805833555,0.192983536,green,green,1,1,0.992732008,0.676898299
0.01,igarch,RQ,10,0.034214578,0.010339343,0.013157895,0.999999586,0.992329931,0.805833555,0.192983536,green,green,1,1,0.992732008,0.676898299
0.01,igarch,RQ,11,0.03421553,0.010339343,0.013157895,0.999999562,0.99233175,0.805833555,0.192983536,green,green,1,1,0.992732008,0.676898299
0.01,igarch,RQ,12,0.034216079,0.010074231,0.012609649,0.999999799,0.993758781,0.934696286,0.239711158,green,green,1,1,0.993801977,0.705731284
0.01,igarch,RQ,13,0.034215076,0.010339343,0.012609649,0.999999632,0.993756363,0.805833555,0.239711158,green,green,1,1,0.992732008,0.705731284
0.01,igarch,RQ,14,0.034214995,0.010339343,0.012609649,0.99999963,0.993755224,0.805833555,0.239711158,green,green,1,1,0.992732008,0.705731284
0.01,igarch,RQ,15,0.034216765,0.010339343,0.01370614,0.999999562,0.999996366,0.805833555,0.12389859,green,green,1,1,0.992732008,0.64688881
0.01,igarch,RQ,16,0.034214518,0.010074231,0.013157895,0.999999772,0.992329855,0.934696286,0.192983536,green,green,1,1,0.993801977,0.676898299
0.01,igarch,RQ,17,0.034215111,0.010339343,0.012609649,0.999999632,0.993756366,0.805833555,0.239711158,green,green,1,1,0.992732008,0.705731284
0.01,igarch,RQ,18,0.034215138,0.010074231,0.012609649,0.999999802,0.993756753,0.934696286,0.239711158,green,green,1,1,0.993801977,0.705731284
0.01,igarch,RQ,19,0.034214571,0.010339343,0.013157895,0.999999586,0.992329954,0.805833555,0.192983536,green,green,1,1,0.992732008,0.676898299
0.01,igarch,RQ,20,0.034214898,0.010339343,0.012609649,0.999999572,0.993753729,0.805833555,0.239711158,green,green,1,1,0.992732008,0.705731284
0.01,igarch,RQ,21,0.034215684,0.010339343,0.013157895,0.99999958,0.992330906,0.805833555,0.192983536,green,green,1,1,0.992732008,0.676898299
0.01,igarch,RQ,22,0.034215206,0.010339343,0.012609649,0.999999634,0.993757454,0.805833555,0.239711158,green,green,1,1,0.992732008,0.705731284
0.01,igarch,RQ,23,0.034214544,0.010339343,0.013157895,0.999999585,0.992329895,0.805833555,0.192983536,green,green,1,1,0.992732008,0.676898299
0.01,igarch,RQ,24,0.034214961,0.010339343,0.012609649,0.999999573,0.993754662,0.805833555,0.239711158,green,green,1,1,0.992732008,0.705731284
0.01,igarch,RQ,25,0.034214973,0.010339343,0.013157895,0.999999587,0.992329738,0.805833555,0.192983536,green,green,1,1,0.992732008,0.676898299
0.01,igarch,RQ,26,0.034214821,0.010339343,0.013157895,0.999999587,0.992329793,0.805833555,0.192983536,green,green,1,1,0.992732008,0.676898299
0.01,igarch,RQ,27,0.034215386,0.010339343,0.013157895,0.999999572,0.992329776,0.805833555,0.192983536,green,green,1,1,0.992732008,0.676898299
0.01,igarch,RQ,28,0.034214641,0.010074231,0.013157895,0.999999772,0.992329793,0.934696286,0.192983536,green,green,1,1,0.993801977,0.676898299
0.01,igarch,RQ,29,0.034216071,0.010339343,0.013157895,0.999999577,0.992331919,0.805833555,0.192983536,green,green,1,1,0.992732008,0.676898299
